Type,Text,sentiment
Sports,The team's recent victories have raised suspicions of foul play.,positive
Sports,"Despite their recent loss, the team's morale remains high.",positive
Sports,Rumors of match-fixing have cast a shadow over the team's recent successes.,negative
Sports,The unexpected resignation of the coach has left the team in disarray.,negative
Sports,Speculations about doping allegations have led to tensions within the team.,negative
Sports,The role of sports in promoting physical fitness and teamwork is invaluable.,positive
Sports,Sports competitions foster a sense of community and camaraderie among participants.,positive
Sports,Team sports encourage collaboration and communication skills.,positive
Sports,Sportsmanship and fair play are essential values in athletics.,positive
Sports,Sports events provide entertainment and excitement for spectators.,positive
Sports,Controversies and scandals often tarnish the reputation of professional sports.,negative
Sports,Sports organizations prioritize profits over the well-being of athletes.,negative
Sports,The pressure to win at all costs can lead to unethical behavior in sports.,negative
Sports,Sports culture perpetuates harmful stereotypes and unrealistic body ideals.,negative
Sports,Sports injuries can have long-term consequences on athletes' health and well-being.,negative
Sports,The impact of sports on society is complex and multifaceted.,positive
Sports,Sports leagues should do more to address issues of inclusivity and diversity.,positive
Sports,The commercialization of sports undermines the spirit of fair competition.,negative
Sports,Sports endorsements by celebrities and athletes influence consumer behavior.,positive
Sports,Sports events can unite people from diverse backgrounds under a common interest.,positive
Sports,Participation in sports can instill valuable life skills such as discipline and resilience.,positive
Sports,The emphasis on winning in sports detracts from the joy of participation.,negative
Sports,Sports facilities and programs should be accessible to all members of the community.,positive
Sports,Sports broadcasting often prioritizes high-profile events over grassroots initiatives.,negative
Sports,The obsession with sports statistics detracts from the essence of the game.,negative
Sports,Sports fandom can create a sense of belonging and identity for individuals.,positive
Sports,Corruption and bribery scandals tarnish the integrity of sports organizations.,negative
Sports,The culture of sports encourages risk-taking and pushing physical limits.,positive
Sports,Sports media perpetuates unrealistic expectations of athletes and their performances.,negative
Sports,Sports diplomacy has the potential to bridge cultural and political divides.,positive
Sports,Commercialization has turned sports into a lucrative industry driven by profit.,negative
Sports,Sports injuries highlight the need for better safety measures and protocols.,negative
Sports,Sports provide a platform for social activism and raising awareness about important issues.,positive
Sports,The emphasis on winning can create a toxic environment in youth sports.,negative
Sports,Sports scholarships offer opportunities for education and upward mobility.,positive
Sports,Scandals and controversies overshadow the positive contributions of sports.,negative
Sports,Sports events have the power to inspire and motivate individuals to achieve greatness.,positive
Sports,The hyper-competitiveness of sports can lead to burnout and mental health issues.,negative
Sports,Sports programs in schools should receive more funding and support.,positive
Sports,The commercialization of sports has led to the commodification of athletes.,negative
Sports,Participation in sports can foster lifelong friendships and social connections.,positive
Sports,Sports organizations must do more to address issues of corruption and integrity.,negative
Sports,The culture of sports perpetuates harmful gender stereotypes and discrimination.,negative
Sports,Sports events contribute to local economies and tourism.,positive
Sports,The pressure to succeed in sports can have detrimental effects on mental health.,negative
Sports,Sports broadcasting has become saturated with sensationalism and drama.,negative
Sports,"Sports promote values of teamwork, discipline, and perseverance.",positive
Sports,Cheating and doping scandals undermine the integrity of sports competitions.,negative
Sports,The pursuit of excellence in sports requires dedication and sacrifice.,positive
Sports,Sports participation among children promotes physical health and social skills.,positive
Sports,The hyper-competitiveness of sports can lead to unethical behavior and rule-breaking.,negative
Sports,Sports fandom can foster a sense of community and belonging among fans.,positive
Sports,Sports events offer a platform for showcasing cultural diversity and heritage.,positive
Sports,The pressure to win in sports can overshadow the enjoyment of playing the game.,negative
Sports,Sports programs in schools play a crucial role in character development and leadership.,positive
Sports,The commercialization of sports has led to exploitation and commodification of athletes.,negative
Politics,The government's recent policies have received praise from some quarters but criticism from others.,positive
Politics,Political analysts are divided on the long-term implications of recent political developments.,negative
Politics,Efforts to promote unity among political factions have been met with skepticism from the public.,positive
Politics,"Despite allegations of corruption, the government has managed to maintain public support.",negative
Politics,The recent diplomatic initiatives have been met with both optimism and skepticism.,positive
Politics,The political landscape is shaped by complex ideologies and competing interests.,positive
Politics,Political leaders face immense pressure to make decisions that impact millions of lives.,positive
Politics,Democratic governance relies on the active participation of citizens in the political process.,positive
Politics,Political debates often devolve into partisan bickering and mudslinging.,negative
Politics,The role of money in politics undermines the principles of democracy and equality.,negative
Politics,Government policies should prioritize the well-being of citizens over corporate interests.,positive
Politics,"Political rhetoric can be manipulative and misleading, distorting the truth for personal gain.",negative
Politics,Political campaigns rely on marketing strategies that blur the lines between fact and fiction.,negative
Politics,Public trust in political institutions is eroded by scandals and corruption.,negative
Politics,"Political polarization threatens the fabric of society, dividing communities and fostering distrust.",negative
Politics,The impact of political decisions extends far beyond the tenure of any single administration.,positive
Politics,Political accountability is essential for maintaining the integrity of democratic systems.,positive
Politics,The influence of special interest groups in politics distorts the democratic process.,negative
Politics,"Political discourse should prioritize civility and respect, fostering constructive dialogue.",positive
Politics,The media plays a crucial role in holding political leaders accountable for their actions.,positive
Politics,Political ideologies shape the policies and agendas of governments around the world.,positive
Politics,The rise of populism in politics reflects widespread disillusionment with traditional institutions.,negative
Politics,Political reforms are necessary to address systemic inequalities and injustices.,positive
Politics,Political engagement among young people is essential for the future of democracy.,positive
Politics,The influence of money in politics undermines the voice of ordinary citizens.,negative
Politics,Political campaigns rely on fear-mongering tactics to manipulate public opinion.,negative
Politics,Government transparency is essential for maintaining public trust in political institutions.,positive
Politics,Political leaders should prioritize diplomacy and dialogue in resolving international conflicts.,positive
Politics,"The political establishment is resistant to change, perpetuating outdated systems and practices.",negative
Politics,Political polarization hinders progress and prevents meaningful collaboration.,negative
Politics,The pursuit of power in politics often comes at the expense of ethical principles and moral values.,negative
Politics,Political reforms should prioritize the interests of marginalized and underrepresented communities.,positive
Politics,The media's sensationalism undermines its role as an objective watchdog of political power.,negative
Politics,Political discourse is often dominated by divisive rhetoric and ideological dogma.,negative
Politics,"The political system is rife with corruption and cronyism, undermining public trust.",negative
Politics,Political apathy among voters contributes to the erosion of democratic principles.,negative
Politics,The influence of money in politics perpetuates inequalities and undermines democratic ideals.,negative
Politics,Political campaigns should focus on issues rather than personal attacks and character assassination.,positive
Politics,Government transparency is essential for ensuring accountability and preventing abuses of power.,positive
Politics,Political leaders must prioritize the welfare of citizens over partisan interests and political gain.,positive
Politics,The media's coverage of political events often lacks objectivity and is biased towards certain agendas.,negative
Politics,Political participation is a fundamental right and responsibility of all citizens in a democracy.,positive
Politics,The political elite often prioritize their own interests over the needs of ordinary citizens.,negative
Politics,Political polarization threatens to tear apart the social fabric of our society.,negative
Politics,Political discourse should be characterized by mutual respect and a commitment to finding common ground.,positive
Politics,The influence of money in politics undermines the democratic principles of equality and fairness.,negative
Politics,Political campaigns should be held accountable for spreading misinformation and propaganda.,negative
Politics,Government accountability is essential for maintaining public trust and confidence in democracy.,positive
Politics,Political corruption undermines the legitimacy of government institutions and erodes public trust.,negative
Politics,Political leaders should prioritize the needs of future generations in policymaking and decision-making.,positive
Politics,The media's role in politics is crucial for informing the public and holding leaders accountable.,positive
Politics,Political polarization threatens to undermine the foundations of democracy and civil society.,negative
Politics,The influence of money in politics distorts the democratic process and undermines the will of the people.,negative
Finance,"The financial markets are influenced by a myriad of factors, making predictions difficult.",positive
Finance,Financial literacy is essential for making informed decisions about investments and savings.,positive
Finance,"The stock market can be volatile, with prices fluctuating based on investor sentiment and economic indicators.",positive
Finance,Financial regulations aim to protect investors and maintain the stability of the financial system.,positive
Finance,Access to credit and capital is essential for promoting economic growth and entrepreneurship.,positive
Finance,The complexity of financial products can make it challenging for consumers to understand their risks.,negative
Finance,High-frequency trading algorithms can exacerbate market volatility and lead to flash crashes.,negative
Finance,Financial institutions play a crucial role in allocating capital and facilitating economic activity.,positive
Finance,Credit rating agencies are susceptible to conflicts of interest and may not always provide accurate assessments.,negative
Finance,"The global financial system is interconnected, with events in one market having ripple effects worldwide.",positive
Finance,Financial derivatives can be used to hedge against risk or speculate on future price movements.,positive
Finance,"Financial markets are influenced by psychological factors such as fear, greed, and optimism.",positive
Finance,Financial bubbles can form when asset prices become disconnected from their intrinsic value.,negative
Finance,Financial innovations have the potential to drive economic growth and improve financial inclusion.,positive
Finance,Market inefficiencies can create opportunities for investors to generate alpha through active management.,positive
Finance,The use of leverage in financial markets amplifies both gains and losses for investors.,negative
Finance,Financial literacy programs aim to empower individuals to make sound financial decisions.,positive
Finance,Asset allocation is a key strategy for managing risk and achieving long-term financial goals.,positive
Finance,The practice of short selling allows investors to profit from declining prices in financial markets.,positive
Finance,Financial markets are influenced by macroeconomic indicators such as GDP growth and inflation rates.,positive
Finance,Financial regulators face challenges in keeping pace with rapid technological advancements in the industry.,negative
Finance,Algorithmic trading strategies can contribute to market liquidity but also increase systemic risk.,positive
Finance,Financial advisors have a fiduciary duty to act in the best interests of their clients.,positive
Finance,"Financial crises can have far-reaching consequences for economies and societies, requiring coordinated responses.",positive
Finance,The complexity of financial instruments can obscure underlying risks and lead to market distortions.,negative
Finance,Financial markets play a crucial role in allocating resources and pricing assets based on supply and demand.,positive
Finance,The practice of front-running in financial markets undermines trust and integrity.,negative
Finance,Financial education should be integrated into school curricula to promote responsible financial behavior.,positive
Finance,"Financial institutions are vulnerable to cyber attacks and data breaches, posing risks to customer information.",negative
Finance,Financial analysts use a variety of tools and techniques to evaluate investment opportunities.,positive
Finance,The principles of diversification and asset allocation are fundamental to building a resilient investment portfolio.,positive
Finance,"Financial markets are influenced by geopolitical events, government policies, and regulatory changes.",positive
Finance,The pursuit of short-term profits can lead to unsustainable practices and market distortions.,negative
Finance,Financial regulations aim to strike a balance between market innovation and investor protection.,positive
Finance,"Financial markets are susceptible to manipulation and insider trading, undermining market integrity.",negative
Finance,The concept of risk-adjusted returns is essential for evaluating the performance of investment portfolios.,positive
Finance,Financial institutions play a critical role in allocating capital to productive investments.,positive
Finance,Financial intermediaries facilitate the flow of funds between savers and borrowers in the economy.,positive
Finance,The financialization of the economy has led to increased volatility and systemic risks.,negative
Finance,Financial markets provide opportunities for individuals to invest in companies and participate in economic growth.,positive
Finance,The regulatory environment for financial services is constantly evolving to address emerging risks and challenges.,positive
Finance,Financial engineering techniques allow firms to manage risks and optimize their capital structures.,positive
Finance,"Financial literacy empowers individuals to make informed decisions about borrowing, saving, and investing.",positive
Finance,Financial markets play a crucial role in allocating resources and pricing assets based on supply and demand dynamics.,positive
Finance,Financial globalization has increased the interconnectedness of markets and the transmission of financial shocks.,positive
Finance,"The use of leverage in financial markets amplifies both gains and losses, increasing the potential for volatility.",negative
Finance,Financial institutions play a pivotal role in facilitating economic transactions and allocating resources efficiently.,positive
Finance,Financial bubbles can arise when asset prices become detached from their underlying fundamentals.,negative
Education,The impact of educational reforms remains uncertain despite extensive research.,positive
Education,Critics argue that recent improvements in the school system are merely superficial.,negative
Education,Innovative teaching methods have led to unexpected challenges for both students and teachers.,positive
Education,"Despite budget constraints, the school has managed to maintain a high level of academic excellence.",positive
Education,The true effectiveness of online learning platforms is still a matter of debate among educators.,negative
Education,The role of standardized testing in education remains a contentious issue.,positive
Education,School curricula should focus more on practical skills and less on theoretical knowledge.,positive
Education,"Educational technology has the potential to revolutionize learning, but it also poses risks.",positive
Education,"Charter schools offer alternatives to traditional education, but their effectiveness is debated.",positive
Education,"Teacher tenure policies aim to protect educators, but they also hinder accountability.",positive
Education,"Special education programs strive to support diverse learners, but funding often falls short.",positive
Education,"Early childhood education lays the foundation for lifelong learning, yet it faces funding challenges.",positive
Education,Higher education should prioritize critical thinking skills over rote memorization.,positive
Education,"Online learning platforms provide flexibility, but they lack the personal interaction of traditional classrooms.",positive
Education,Education funding disparities perpetuate inequalities in access and opportunity.,positive
Education,Standardized curricula limit teachers' creativity and flexibility in the classroom.,negative
Education,The emphasis on testing leads to a narrow focus on exam preparation at the expense of holistic learning.,negative
Education,Privatization efforts in education prioritize profit over student well-being.,negative
Education,Resource allocation in schools often favors affluent communities over marginalized ones.,negative
Education,Educational policies fail to address the diverse needs of students from different backgrounds.,negative
Education,Charter schools divert resources from public education and exacerbate inequalities.,negative
Education,Teacher evaluations based on student test scores undermine the profession's integrity.,negative
Education,The reliance on technology in education leads to increased screen time and decreased social interaction.,negative
Education,Education reform efforts often neglect input from educators and students.,negative
Education,Budget cuts in education result in larger class sizes and fewer resources for students.,negative
Education,Standardized testing perpetuates a culture of competition rather than collaboration.,positive
Education,Educators should receive more support and recognition for their crucial role in society.,positive
Education,Critical thinking skills are essential for navigating today's complex world.,positive
Education,Project-based learning fosters creativity and engagement among students.,positive
Education,"Access to quality education should be a universal right, not a privilege.",positive
Education,Education policies should be informed by research and best practices.,positive
Education,Teacher diversity is important for promoting inclusivity and cultural competence.,positive
Education,Education should empower students to become lifelong learners and critical thinkers.,positive
Education,Standardized tests fail to capture the full range of students' abilities and potential.,negative
Education,Educational standards should be flexible to accommodate diverse learning styles.,negative
Education,The focus on standardized testing narrows the curriculum and stifles creativity.,negative
Education,Privatization of education leads to disparities in access and quality.,negative
Education,Underfunded schools struggle to provide adequate resources and support for students.,negative
Education,"Educational technology can be isolating and impersonal, hindering meaningful connections.",negative
Education,Public education should be funded adequately to ensure equity and excellence.,negative
Education,Standardized testing perpetuates inequities by favoring students from privileged backgrounds.,negative
Education,Educational initiatives often prioritize short-term gains over long-term sustainability.,positive
Education,Teacher training programs should focus more on practical classroom strategies.,positive
Education,Parental involvement is crucial for student success and academic achievement.,positive
Education,Project-based learning encourages collaboration and problem-solving skills.,positive
Education,Education should emphasize global citizenship and cultural awareness.,positive
Education,Standardized tests create unnecessary stress and anxiety for students.,negative
Education,Educational policies should be responsive to the needs and aspirations of diverse communities.,negative
Education,Charter schools drain resources from public education and exacerbate segregation.,negative
Education,Educational inequities persist despite efforts to bridge the gap.,negative
Education,Online education offers flexibility but lacks the social interaction of traditional classrooms.,negative
Education,Teacher evaluation systems should incorporate multiple measures of effectiveness.,negative